method,dataset,n_classes,n_shot,seed,run,alpha,beta,n_test,accuracy,ece,signed_gap,logit_range,g_shots,n_shot_errors,temperature,model_name,gpu,config_hash,git_commit
zero_shot,imagenet_r,200,16,42,,,,24800,77.8105,3.8871,-3.8695,17.8974,-2.6433,781,,ViT-B-16-quickgelu,NVIDIA GeForce RTX 4080 SUPER,9d785e1e8c,0445fa3
tip_adapter,imagenet_r,200,16,42,,1.5,5.0,24800,78.5242,0.887,0.7047,20.4863,-2.6433,781,,ViT-B-16-quickgelu,NVIDIA GeForce RTX 4080 SUPER,22b19b1f43,0445fa3
tip_adapter,imagenet_r,200,16,42,,1.5,1.0,24800,78.4597,0.4874,-0.0227,20.234,-2.6433,781,,ViT-B-16-quickgelu,NVIDIA GeForce RTX 4080 SUPER,6f9292b446,0445fa3
coop,imagenet_r,200,16,42,,,,24800,79.0847,0.9106,-0.4516,20.0265,-2.6433,781,,ViT-B-16-quickgelu,NVIDIA GeForce RTX 4080 SUPER,cd94608faa,0445fa3
tip_adapter_f,imagenet_r,200,16,42,,1.5,5.0,24800,79.9476,0.907,0.7632,20.9529,-2.6433,781,,ViT-B-16-quickgelu,NVIDIA GeForce RTX 4080 SUPER,874b0f2799,0445fa3
tip_adapter_sals,imagenet_r,200,16,42,,1.5,5.0,24800,78.5242,2.6068,-2.6068,17.8974,-2.6433,781,,ViT-B-16-quickgelu,NVIDIA GeForce RTX 4080 SUPER,8e160df27e,0445fa3
coop_sals,imagenet_r,200,16,42,,,,24800,79.0847,3.8135,-3.8135,17.8974,-2.6433,781,,ViT-B-16-quickgelu,NVIDIA GeForce RTX 4080 SUPER,343275d295,0445fa3
tip_adapter_f_sals,imagenet_r,200,16,42,,1.5,5.0,24800,79.9476,3.0514,-3.0514,17.8974,-2.6433,781,,ViT-B-16-quickgelu,NVIDIA GeForce RTX 4080 SUPER,ba4aa3ca17,0445fa3
zero_shot_ts,imagenet_r,200,16,42,,,,24800,77.8105,1.4017,-1.3932,19.4018,-2.6433,781,0.9225,ViT-B-16-quickgelu,NVIDIA GeForce RTX 4080 SUPER,e53912a17f,0445fa3
zero_shot,imagenet_r,200,16,43,,,,24800,77.6371,3.773,-3.7715,17.9023,-3.7738,746,,ViT-B-16-quickgelu,NVIDIA GeForce RTX 4080 SUPER,c18500e189,0445fa3
tip_adapter,imagenet_r,200,16,43,,1.5,5.0,24800,78.504,0.7357,0.5801,20.4039,-3.7738,746,,ViT-B-16-quickgelu,NVIDIA GeForce RTX 4080 SUPER,6634694440,0445fa3
tip_adapter,imagenet_r,200,16,43,,1.5,1.0,24800,78.6653,0.615,-0.3064,20.1306,-3.7738,746,,ViT-B-16-quickgelu,NVIDIA GeForce RTX 4080 SUPER,4b769466ee,0445fa3
coop,imagenet_r,200,16,43,,,,24800,79.129,1.0278,-0.9676,20.171,-3.7738,746,,ViT-B-16-quickgelu,NVIDIA GeForce RTX 4080 SUPER,ab92796184,0445fa3
tip_adapter_f,imagenet_r,200,16,43,,1.5,5.0,24800,79.6169,0.7853,0.7532,20.8984,-3.7738,746,,ViT-B-16-quickgelu,NVIDIA GeForce RTX 4080 SUPER,7cf3abf14e,0445fa3
tip_adapter_sals,imagenet_r,200,16,43,,1.5,5.0,24800,78.504,2.5981,-2.5862,17.9023,-3.7738,746,,ViT-B-16-quickgelu,NVIDIA GeForce RTX 4080 SUPER,4f1fc7d17c,0445fa3
coop_sals,imagenet_r,200,16,43,,,,24800,79.129,4.6459,-4.6325,17.9023,-3.7738,746,,ViT-B-16-quickgelu,NVIDIA GeForce RTX 4080 SUPER,a7ddece652,0445fa3
tip_adapter_f_sals,imagenet_r,200,16,43,,1.5,5.0,24800,79.6169,2.9427,-2.9427,17.9023,-3.7738,746,,ViT-B-16-quickgelu,NVIDIA GeForce RTX 4080 SUPER,556ae9b2d2,0445fa3
zero_shot_ts,imagenet_r,200,16,43,,,,24800,77.6371,1.1944,-1.1944,19.4746,-3.7738,746,0.9193,ViT-B-16-quickgelu,NVIDIA GeForce RTX 4080 SUPER,da4f2608fa,0445fa3
zero_shot,imagenet_r,200,16,44,,,,24800,77.8185,3.8002,-3.7709,17.8932,-2.9693,777,,ViT-B-16-quickgelu,NVIDIA GeForce RTX 4080 SUPER,16a95db687,0445fa3
tip_adapter,imagenet_r,200,16,44,,1.5,5.0,24800,78.629,0.7703,0.7034,20.5024,-2.9693,777,,ViT-B-16-quickgelu,NVIDIA GeForce RTX 4080 SUPER,36fb6a4673,0445fa3
tip_adapter,imagenet_r,200,16,44,,1.5,1.0,24800,78.6008,0.5424,-0.0284,20.2481,-2.9693,777,,ViT-B-16-quickgelu,NVIDIA GeForce RTX 4080 SUPER,8add1457de,0445fa3
coop,imagenet_r,200,16,44,,,,24800,78.9113,1.0811,1.0811,21.206,-2.9693,777,,ViT-B-16-quickgelu,NVIDIA GeForce RTX 4080 SUPER,3fd86731ce,0445fa3
tip_adapter_f,imagenet_r,200,16,44,,1.5,5.0,24800,80.2661,0.8793,0.618,21.0542,-2.9693,777,,ViT-B-16-quickgelu,NVIDIA GeForce RTX 4080 SUPER,a580eb9128,0445fa3
tip_adapter_sals,imagenet_r,200,16,44,,1.5,5.0,24800,78.629,2.6385,-2.6385,17.8932,-2.9693,777,,ViT-B-16-quickgelu,NVIDIA GeForce RTX 4080 SUPER,d821e398f7,0445fa3
coop_sals,imagenet_r,200,16,44,,,,24800,78.9113,3.9262,-3.9262,17.8932,-2.9693,777,,ViT-B-16-quickgelu,NVIDIA GeForce RTX 4080 SUPER,b4870a0013,0445fa3
tip_adapter_f_sals,imagenet_r,200,16,44,,1.5,5.0,24800,80.2661,3.3276,-3.3276,17.8932,-2.9693,777,,ViT-B-16-quickgelu,NVIDIA GeForce RTX 4080 SUPER,554eaa460d,0445fa3
zero_shot_ts,imagenet_r,200,16,44,,,,24800,77.8185,0.7863,-0.6981,19.8095,-2.9693,777,0.9033,ViT-B-16-quickgelu,NVIDIA GeForce RTX 4080 SUPER,8947a4990e,0445fa3
zero_shot,imagenet_r,200,16,45,,,,24800,77.9677,3.9577,-3.949,17.9002,-2.8691,785,,ViT-B-16-quickgelu,NVIDIA GeForce RTX 4080 SUPER,1682de6105,0445fa3
tip_adapter,imagenet_r,200,16,45,,1.5,5.0,24800,79.0968,0.9143,0.1846,20.4117,-2.8691,785,,ViT-B-16-quickgelu,NVIDIA GeForce RTX 4080 SUPER,420544afda,0445fa3
tip_adapter,imagenet_r,200,16,45,,1.5,1.0,24800,78.9315,0.6808,-0.3968,20.1394,-2.8691,785,,ViT-B-16-quickgelu,NVIDIA GeForce RTX 4080 SUPER,9ec5b49f13,0445fa3
coop,imagenet_r,200,16,45,,,,24800,79.2016,0.782,0.782,21.4002,-2.8691,785,,ViT-B-16-quickgelu,NVIDIA GeForce RTX 4080 SUPER,d089cbd361,0445fa3
tip_adapter_f,imagenet_r,200,16,45,,1.5,5.0,24800,80.254,0.9117,0.6666,21.0028,-2.8691,785,,ViT-B-16-quickgelu,NVIDIA GeForce RTX 4080 SUPER,b62d8532a0,0445fa3
tip_adapter_sals,imagenet_r,200,16,45,,1.5,5.0,24800,79.0968,3.0815,-3.0305,17.9002,-2.8691,785,,ViT-B-16-quickgelu,NVIDIA GeForce RTX 4080 SUPER,32ed934d49,0445fa3
coop_sals,imagenet_r,200,16,45,,,,24800,79.2016,4.5615,-4.5424,17.9002,-2.8691,785,,ViT-B-16-quickgelu,NVIDIA GeForce RTX 4080 SUPER,862cd3e7b5,0445fa3
tip_adapter_f_sals,imagenet_r,200,16,45,,1.5,5.0,24800,80.254,3.1638,-3.1529,17.9002,-2.8691,785,,ViT-B-16-quickgelu,NVIDIA GeForce RTX 4080 SUPER,8151d9ee43,0445fa3
zero_shot_ts,imagenet_r,200,16,45,,,,24800,77.9677,1.013,-0.9919,19.7409,-2.8691,785,0.9068,ViT-B-16-quickgelu,NVIDIA GeForce RTX 4080 SUPER,97a847efe1,0445fa3
zero_shot,imagenet_r,200,16,46,,,,24800,77.6936,3.6743,-3.6743,17.9135,-3.9745,739,,ViT-B-16-quickgelu,NVIDIA GeForce RTX 4080 SUPER,6098c8d6c2,0445fa3
tip_adapter,imagenet_r,200,16,46,,1.5,5.0,24800,78.6855,0.8756,0.6252,20.4734,-3.9745,739,,ViT-B-16-quickgelu,NVIDIA GeForce RTX 4080 SUPER,efda7bc7dc,0445fa3
tip_adapter,imagenet_r,200,16,46,,1.5,1.0,24800,78.496,0.3606,0.0425,20.2155,-3.9745,739,,ViT-B-16-quickgelu,NVIDIA GeForce RTX 4080 SUPER,cbc739d25d,0445fa3
coop,imagenet_r,200,16,46,,,,24800,78.5161,0.845,0.776,21.0375,-3.9745,739,,ViT-B-16-quickgelu,NVIDIA GeForce RTX 4080 SUPER,9cc04d2950,0445fa3
tip_adapter_f,imagenet_r,200,16,46,,1.5,5.0,24800,79.7903,1.1989,0.8,20.9566,-3.9745,739,,ViT-B-16-quickgelu,NVIDIA GeForce RTX 4080 SUPER,5b2cdaa1d1,0445fa3
tip_adapter_sals,imagenet_r,200,16,46,,1.5,5.0,24800,78.6855,2.632,-2.632,17.9135,-3.9745,739,,ViT-B-16-quickgelu,NVIDIA GeForce RTX 4080 SUPER,ac7caf1709,0445fa3
coop_sals,imagenet_r,200,16,46,,,,24800,78.5161,3.9335,-3.9335,17.9135,-3.9745,739,,ViT-B-16-quickgelu,NVIDIA GeForce RTX 4080 SUPER,57a206b5c6,0445fa3
tip_adapter_f_sals,imagenet_r,200,16,46,,1.5,5.0,24800,79.7903,2.9512,-2.9413,17.9135,-3.9745,739,,ViT-B-16-quickgelu,NVIDIA GeForce RTX 4080 SUPER,3a97d26dfd,0445fa3
zero_shot_ts,imagenet_r,200,16,46,,,,24800,77.6936,0.7359,-0.6528,19.8018,-3.9745,739,0.9046,ViT-B-16-quickgelu,NVIDIA GeForce RTX 4080 SUPER,53ce59c6a7,0445fa3
zero_shot,sketch_200,200,16,42,,,,4952,82.1082,2.9883,-2.8699,18.7219,-1.8454,567,,ViT-B-16-quickgelu,NVIDIA GeForce RTX 4080 SUPER,3c7c6264d6,0445fa3
tip_adapter,sketch_200,200,16,42,,1.5,5.0,4952,84.6123,2.2811,2.2811,24.6068,-1.8454,567,,ViT-B-16-quickgelu,NVIDIA GeForce RTX 4080 SUPER,70db01eec6,0445fa3
tip_adapter,sketch_200,200,16,42,,1.5,1.0,4952,84.1276,0.8004,0.009,22.2565,-1.8454,567,,ViT-B-16-quickgelu,NVIDIA GeForce RTX 4080 SUPER,824c433b7b,0445fa3
coop,sketch_200,200,16,42,,,,4952,86.2076,1.8799,-1.0906,23.3981,-1.8454,567,,ViT-B-16-quickgelu,NVIDIA GeForce RTX 4080 SUPER,b82a48c3a7,0445fa3
tip_adapter_f,sketch_200,200,16,42,,1.5,5.0,4952,88.227,1.2739,1.2396,25.1155,-1.8454,567,,ViT-B-16-quickgelu,NVIDIA GeForce RTX 4080 SUPER,a5f63f2bd1,0445fa3
tip_adapter_sals,sketch_200,200,16,42,,1.5,5.0,4952,84.6123,2.2709,-2.2097,18.7219,-1.8454,567,,ViT-B-16-quickgelu,NVIDIA GeForce RTX 4080 SUPER,c51ebd484d,0445fa3
coop_sals,sketch_200,200,16,42,,,,4952,86.2076,6.1892,-6.0653,18.7219,-1.8454,567,,ViT-B-16-quickgelu,NVIDIA GeForce RTX 4080 SUPER,2083fd0776,0445fa3
tip_adapter_f_sals,sketch_200,200,16,42,,1.5,5.0,4952,88.227,3.4651,-3.4069,18.7219,-1.8454,567,,ViT-B-16-quickgelu,NVIDIA GeForce RTX 4080 SUPER,de335113a9,0445fa3
zero_shot_ts,sketch_200,200,16,42,,,,4952,82.1082,1.0724,-0.4316,20.7241,-1.8454,567,0.9034,ViT-B-16-quickgelu,NVIDIA GeForce RTX 4080 SUPER,512858a34a,0445fa3
zero_shot,sketch_200,200,16,43,,,,4952,82.3506,2.9423,-2.6781,18.7423,-1.2816,627,,ViT-B-16-quickgelu,NVIDIA GeForce RTX 4080 SUPER,7c9ab117ef,0445fa3
tip_adapter,sketch_200,200,16,43,,1.5,5.0,4952,84.7334,2.2765,2.2765,24.5798,-1.2816,627,,ViT-B-16-quickgelu,NVIDIA GeForce RTX 4080 SUPER,e512d2be92,0445fa3
tip_adapter,sketch_200,200,16,43,,1.5,1.0,4952,83.9863,0.9645,0.4882,22.248,-1.2816,627,,ViT-B-16-quickgelu,NVIDIA GeForce RTX 4080 SUPER,e981a7b46b,0445fa3
coop,sketch_200,200,16,43,,,,4952,86.4701,1.3033,-1.1245,23.0728,-1.2816,627,,ViT-B-16-quickgelu,NVIDIA GeForce RTX 4080 SUPER,7582daad1d,0445fa3
tip_adapter_f,sketch_200,200,16,43,,1.5,5.0,4952,88.752,0.9437,0.4744,25.0989,-1.2816,627,,ViT-B-16-quickgelu,NVIDIA GeForce RTX 4080 SUPER,41dc9c3055,0445fa3
tip_adapter_sals,sketch_200,200,16,43,,1.5,5.0,4952,84.7334,2.3883,-2.1608,18.7423,-1.2816,627,,ViT-B-16-quickgelu,NVIDIA GeForce RTX 4080 SUPER,af6c9fccb5,0445fa3
coop_sals,sketch_200,200,16,43,,,,4952,86.4701,5.8024,-5.7481,18.7423,-1.2816,627,,ViT-B-16-quickgelu,NVIDIA GeForce RTX 4080 SUPER,6fc171b0ba,0445fa3
tip_adapter_f_sals,sketch_200,200,16,43,,1.5,5.0,4952,88.752,4.1896,-4.0931,18.7423,-1.2816,627,,ViT-B-16-quickgelu,NVIDIA GeForce RTX 4080 SUPER,01b0a1cd55,0445fa3
zero_shot_ts,sketch_200,200,16,43,,,,4952,82.3506,0.8637,-0.4851,20.5186,-1.2816,627,0.9134,ViT-B-16-quickgelu,NVIDIA GeForce RTX 4080 SUPER,cb91733f18,0445fa3
zero_shot,sketch_200,200,16,44,,,,4952,81.7851,2.5007,-2.2218,18.7647,-2.1833,595,,ViT-B-16-quickgelu,NVIDIA GeForce RTX 4080 SUPER,040205a227,0445fa3
tip_adapter,sketch_200,200,16,44,,1.5,5.0,4952,83.9661,2.9368,2.9368,24.6295,-2.1833,595,,ViT-B-16-quickgelu,NVIDIA GeForce RTX 4080 SUPER,2527fdd6e2,0445fa3
tip_adapter,sketch_200,200,16,44,,1.5,1.0,4952,83.3603,1.2658,0.9279,22.2852,-2.1833,595,,ViT-B-16-quickgelu,NVIDIA GeForce RTX 4080 SUPER,e95c584b70,0445fa3
coop,sketch_200,200,16,44,,,,4952,86.1672,1.1347,-0.5289,23.6382,-2.1833,595,,ViT-B-16-quickgelu,NVIDIA GeForce RTX 4080 SUPER,42cc726633,0445fa3
tip_adapter_f,sketch_200,200,16,44,,1.5,5.0,4952,88.9742,1.0453,0.7224,25.0971,-2.1833,595,,ViT-B-16-quickgelu,NVIDIA GeForce RTX 4080 SUPER,c6babcb4a9,0445fa3
tip_adapter_sals,sketch_200,200,16,44,,1.5,5.0,4952,83.9661,1.8257,-1.4785,18.7647,-2.1833,595,,ViT-B-16-quickgelu,NVIDIA GeForce RTX 4080 SUPER,57ac5771f5,0445fa3
coop_sals,sketch_200,200,16,44,,,,4952,86.1672,5.4083,-5.357,18.7647,-2.1833,595,,ViT-B-16-quickgelu,NVIDIA GeForce RTX 4080 SUPER,46bd3412f1,0445fa3
tip_adapter_f_sals,sketch_200,200,16,44,,1.5,5.0,4952,88.9742,3.8775,-3.8474,18.7647,-2.1833,595,,ViT-B-16-quickgelu,NVIDIA GeForce RTX 4080 SUPER,b919f891e0,0445fa3
zero_shot_ts,sketch_200,200,16,44,,,,4952,81.7851,1.0592,0.5425,21.1208,-2.1833,595,0.8884,ViT-B-16-quickgelu,NVIDIA GeForce RTX 4080 SUPER,010880adf6,0445fa3
zero_shot,sketch_200,200,16,45,,,,4952,81.4015,2.3506,-1.8412,18.7491,-2.1619,598,,ViT-B-16-quickgelu,NVIDIA GeForce RTX 4080 SUPER,0d00081310,0445fa3
tip_adapter,sketch_200,200,16,45,,1.5,5.0,4952,84.3296,2.7572,2.6581,24.6103,-2.1619,598,,ViT-B-16-quickgelu,NVIDIA GeForce RTX 4080 SUPER,7b465cce9f,0445fa3
tip_adapter,sketch_200,200,16,45,,1.5,1.0,4952,83.3805,1.3239,0.9157,22.2661,-2.1619,598,,ViT-B-16-quickgelu,NVIDIA GeForce RTX 4080 SUPER,e682dddff3,0445fa3
coop,sketch_200,200,16,45,,,,4952,85.9249,0.761,-0.0011,24.6196,-2.1619,598,,ViT-B-16-quickgelu,NVIDIA GeForce RTX 4080 SUPER,d443a4cbc6,0445fa3
tip_adapter_f,sketch_200,200,16,45,,1.5,5.0,4952,88.8328,0.6,0.6,25.0851,-2.1619,598,,ViT-B-16-quickgelu,NVIDIA GeForce RTX 4080 SUPER,9e5e1b23a3,0445fa3
tip_adapter_sals,sketch_200,200,16,45,,1.5,5.0,4952,84.3296,1.9438,-1.8339,18.7491,-2.1619,598,,ViT-B-16-quickgelu,NVIDIA GeForce RTX 4080 SUPER,7bac8d0985,0445fa3
coop_sals,sketch_200,200,16,45,,,,4952,85.9249,5.8821,-5.8093,18.7491,-2.1619,598,,ViT-B-16-quickgelu,NVIDIA GeForce RTX 4080 SUPER,ba1478320c,0445fa3
tip_adapter_f_sals,sketch_200,200,16,45,,1.5,5.0,4952,88.8328,4.0658,-4.0055,18.7491,-2.1619,598,,ViT-B-16-quickgelu,NVIDIA GeForce RTX 4080 SUPER,af0c9dd057,0445fa3
zero_shot_ts,sketch_200,200,16,45,,,,4952,81.4015,1.4346,0.7986,20.9758,-2.1619,598,0.8938,ViT-B-16-quickgelu,NVIDIA GeForce RTX 4080 SUPER,5b74537d8a,0445fa3
zero_shot,sketch_200,200,16,46,,,,4952,80.9572,1.9671,-1.7487,18.7258,-2.6541,567,,ViT-B-16-quickgelu,NVIDIA GeForce RTX 4080 SUPER,f0f6fc09b9,0445fa3
tip_adapter,sketch_200,200,16,46,,1.5,5.0,4952,83.7439,3.1136,3.1136,24.562,-2.6541,567,,ViT-B-16-quickgelu,NVIDIA GeForce RTX 4080 SUPER,6ad50d4e3a,0445fa3
tip_adapter,sketch_200,200,16,46,,1.5,1.0,4952,82.916,1.5272,1.1582,22.2296,-2.6541,567,,ViT-B-16-quickgelu,NVIDIA GeForce RTX 4080 SUPER,54d8701e53,0445fa3
coop,sketch_200,200,16,46,,,,4952,85.4604,0.6378,0.2418,24.1081,-2.6541,567,,ViT-B-16-quickgelu,NVIDIA GeForce RTX 4080 SUPER,c7a04f67af,0445fa3
tip_adapter_f,sketch_200,200,16,46,,1.5,5.0,4952,87.8029,1.312,1.312,25.0292,-2.6541,567,,ViT-B-16-quickgelu,NVIDIA GeForce RTX 4080 SUPER,c8fd9bfe00,0445fa3
tip_adapter_sals,sketch_200,200,16,46,,1.5,5.0,4952,83.7439,1.6864,-1.3752,18.7258,-2.6541,567,,ViT-B-16-quickgelu,NVIDIA GeForce RTX 4080 SUPER,88c82b05d8,0445fa3
coop_sals,sketch_200,200,16,46,,,,4952,85.4604,5.2942,-5.1995,18.7258,-2.6541,567,,ViT-B-16-quickgelu,NVIDIA GeForce RTX 4080 SUPER,d7e13a2893,0445fa3
tip_adapter_f_sals,sketch_200,200,16,46,,1.5,5.0,4952,87.8029,3.3176,-3.2107,18.7258,-2.6541,567,,ViT-B-16-quickgelu,NVIDIA GeForce RTX 4080 SUPER,74858c9c7e,0445fa3
zero_shot_ts,sketch_200,200,16,46,,,,4952,80.9572,1.3514,1.1445,21.2188,-2.6541,567,0.8825,ViT-B-16-quickgelu,NVIDIA GeForce RTX 4080 SUPER,b6e377652d,0445fa3
zero_shot,sketch_1000,1000,16,42,,,,24889,48.3748,4.4756,4.4756,20.8183,4.815,8310,,ViT-B-16-quickgelu,NVIDIA GeForce RTX 4080 SUPER,2372fee7d2,0445fa3
tip_adapter,sketch_1000,1000,16,42,,1.5,5.0,24889,56.1011,11.9648,11.9648,26.2106,4.815,8310,,ViT-B-16-quickgelu,NVIDIA GeForce RTX 4080 SUPER,b7516cfc44,0445fa3
tip_adapter,sketch_1000,1000,16,42,,1.5,1.0,24889,52.7864,8.9205,8.9205,24.2529,4.815,8310,,ViT-B-16-quickgelu,NVIDIA GeForce RTX 4080 SUPER,1dfd0ad5b6,0445fa3
coop,sketch_1000,1000,16,42,,,,24889,53.7265,0.5943,-0.3895,20.4755,4.815,8310,,ViT-B-16-quickgelu,NVIDIA GeForce RTX 4080 SUPER,6631462e0a,0445fa3
tip_adapter_f,sketch_1000,1000,16,42,,1.5,5.0,24889,69.4604,7.8945,7.8945,28.0319,4.815,8310,,ViT-B-16-quickgelu,NVIDIA GeForce RTX 4080 SUPER,d26bae116a,0445fa3
tip_adapter_sals,sketch_1000,1000,16,42,,1.5,5.0,24889,56.1011,4.3845,4.3452,20.8183,4.815,8310,,ViT-B-16-quickgelu,NVIDIA GeForce RTX 4080 SUPER,e98e770f25,0445fa3
coop_sals,sketch_1000,1000,16,42,,,,24889,53.7265,0.899,0.0734,20.8183,4.815,8310,,ViT-B-16-quickgelu,NVIDIA GeForce RTX 4080 SUPER,c236365094,0445fa3
tip_adapter_f_sals,sketch_1000,1000,16,42,,1.5,5.0,24889,69.4604,1.2339,-1.0557,20.8183,4.815,8310,,ViT-B-16-quickgelu,NVIDIA GeForce RTX 4080 SUPER,6252182af5,0445fa3
zero_shot_ts,sketch_1000,1000,16,42,,,,24889,48.3748,1.1488,1.1353,19.3404,4.815,8310,1.0764,ViT-B-16-quickgelu,NVIDIA GeForce RTX 4080 SUPER,8cb72ee42e,0445fa3
zero_shot,sketch_1000,1000,16,43,,,,24889,48.4029,4.5853,4.5853,20.8452,4.9022,8352,,ViT-B-16-quickgelu,NVIDIA GeForce RTX 4080 SUPER,7cff013022,0445fa3
tip_adapter,sketch_1000,1000,16,43,,1.5,5.0,24889,55.86,12.0057,12.0057,26.1998,4.9022,8352,,ViT-B-16-quickgelu,NVIDIA GeForce RTX 4080 SUPER,29dc27bf3c,0445fa3
tip_adapter,sketch_1000,1000,16,43,,1.5,1.0,24889,52.698,9.0151,9.0151,24.2352,4.9022,8352,,ViT-B-16-quickgelu,NVIDIA GeForce RTX 4080 SUPER,bfc7bc7e5b,0445fa3
coop,sketch_1000,1000,16,43,,,,24889,53.377,0.9316,0.2595,20.4418,4.9022,8352,,ViT-B-16-quickgelu,NVIDIA GeForce RTX 4080 SUPER,875634a599,0445fa3
tip_adapter_f,sketch_1000,1000,16,43,,1.5,5.0,24889,69.5367,7.867,7.867,28.0295,4.9022,8352,,ViT-B-16-quickgelu,NVIDIA GeForce RTX 4080 SUPER,389c8dc0d2,0445fa3
tip_adapter_sals,sketch_1000,1000,16,43,,1.5,5.0,24889,55.86,4.5051,4.5051,20.8452,4.9022,8352,,ViT-B-16-quickgelu,NVIDIA GeForce RTX 4080 SUPER,1bdc85ccaf,0445fa3
coop_sals,sketch_1000,1000,16,43,,,,24889,53.377,1.4475,0.8081,20.8452,4.9022,8352,,ViT-B-16-quickgelu,NVIDIA GeForce RTX 4080 SUPER,2fd4fe2d47,0445fa3
tip_adapter_f_sals,sketch_1000,1000,16,43,,1.5,5.0,24889,69.5367,1.6031,-1.0688,20.8452,4.9022,8352,,ViT-B-16-quickgelu,NVIDIA GeForce RTX 4080 SUPER,88ba5a1c5e,0445fa3
zero_shot_ts,sketch_1000,1000,16,43,,,,24889,48.4029,1.4103,1.1875,19.3417,4.9022,8352,1.0777,ViT-B-16-quickgelu,NVIDIA GeForce RTX 4080 SUPER,ba4b7c48a2,0445fa3
zero_shot,sketch_1000,1000,16,44,,,,24889,48.1056,4.685,4.685,20.8269,4.4287,8271,,ViT-B-16-quickgelu,NVIDIA GeForce RTX 4080 SUPER,7ee16c5deb,0445fa3
tip_adapter,sketch_1000,1000,16,44,,1.5,5.0,24889,55.5024,12.4328,12.4328,26.1995,4.4287,8271,,ViT-B-16-quickgelu,NVIDIA GeForce RTX 4080 SUPER,8b35fd120a,0445fa3
tip_adapter,sketch_1000,1000,16,44,,1.5,1.0,24889,52.6176,9.0577,9.0577,24.2477,4.4287,8271,,ViT-B-16-quickgelu,NVIDIA GeForce RTX 4080 SUPER,940800e045,0445fa3
coop,sketch_1000,1000,16,44,,,,24889,53.1078,1.0916,0.6149,20.5924,4.4287,8271,,ViT-B-16-quickgelu,NVIDIA GeForce RTX 4080 SUPER,72444e6a5d,0445fa3
tip_adapter_f,sketch_1000,1000,16,44,,1.5,5.0,24889,69.4283,8.0418,8.0418,28.0902,4.4287,8271,,ViT-B-16-quickgelu,NVIDIA GeForce RTX 4080 SUPER,53e26b265c,0445fa3
tip_adapter_sals,sketch_1000,1000,16,44,,1.5,5.0,24889,55.5024,4.8463,4.8463,20.8269,4.4287,8271,,ViT-B-16-quickgelu,NVIDIA GeForce RTX 4080 SUPER,1cd6fbf187,0445fa3
coop_sals,sketch_1000,1000,16,44,,,,24889,53.1078,1.0171,0.7924,20.8269,4.4287,8271,,ViT-B-16-quickgelu,NVIDIA GeForce RTX 4080 SUPER,a01fcc0954,0445fa3
tip_adapter_f_sals,sketch_1000,1000,16,44,,1.5,5.0,24889,69.4283,1.5342,-1.0038,20.8269,4.4287,8271,,ViT-B-16-quickgelu,NVIDIA GeForce RTX 4080 SUPER,a852a3172c,0445fa3
zero_shot_ts,sketch_1000,1000,16,44,,,,24889,48.1056,1.4932,1.3583,19.3496,4.4287,8271,1.0763,ViT-B-16-quickgelu,NVIDIA GeForce RTX 4080 SUPER,431b55b930,0445fa3
zero_shot,imagenet_v2,1000,4,42,,,,6000,62.0333,3.0014,1.9707,23.2833,2.0385,1529,,ViT-B-16-quickgelu,NVIDIA GeForce RTX 4080 SUPER,d6e89dc6e9,0445fa3
tip_adapter,imagenet_v2,1000,4,42,,1.5,5.0,6000,63.0,4.8729,4.3747,24.3986,2.0385,1529,,ViT-B-16-quickgelu,NVIDIA GeForce RTX 4080 SUPER,704994d652,0445fa3
tip_adapter,imagenet_v2,1000,4,42,,1.5,1.0,6000,62.9667,4.1476,3.5436,24.186,2.0385,1529,,ViT-B-16-quickgelu,NVIDIA GeForce RTX 4080 SUPER,3e8892e604,0445fa3
coop,imagenet_v2,1000,4,42,,,,6000,64.1167,2.6433,1.3846,23.8882,2.0385,1529,,ViT-B-16-quickgelu,NVIDIA GeForce RTX 4080 SUPER,22526899da,0445fa3
tip_adapter_f,imagenet_v2,1000,4,42,,1.5,5.0,6000,64.05,4.7664,4.1685,24.5,2.0385,1529,,ViT-B-16-quickgelu,NVIDIA GeForce RTX 4080 SUPER,9ea9536165,0445fa3
tip_adapter_sals,imagenet_v2,1000,4,42,,1.5,5.0,6000,63.0,3.6577,2.7853,23.2833,2.0385,1529,,ViT-B-16-quickgelu,NVIDIA GeForce RTX 4080 SUPER,62d20c6a21,0445fa3
coop_sals,imagenet_v2,1000,4,42,,,,6000,64.1167,2.1085,0.1457,23.2833,2.0385,1529,,ViT-B-16-quickgelu,NVIDIA GeForce RTX 4080 SUPER,b1ee62ec67,0445fa3
tip_adapter_f_sals,imagenet_v2,1000,4,42,,1.5,5.0,6000,64.05,3.2743,2.4271,23.2833,2.0385,1529,,ViT-B-16-quickgelu,NVIDIA GeForce RTX 4080 SUPER,e5aaddac27,0445fa3
zero_shot_ts,imagenet_v2,1000,4,42,,,,6000,62.0333,2.7806,1.0448,22.7823,2.0385,1529,1.022,ViT-B-16-quickgelu,NVIDIA GeForce RTX 4080 SUPER,8dd5c7d3c8,0445fa3
zero_shot,imagenet_v2,1000,4,43,,,,6000,62.15,3.5081,1.9427,23.2756,2.0804,1536,,ViT-B-16-quickgelu,NVIDIA GeForce RTX 4080 SUPER,5f04e77944,0445fa3
tip_adapter,imagenet_v2,1000,4,43,,1.5,5.0,6000,63.2167,4.6376,4.2705,24.3882,2.0804,1536,,ViT-B-16-quickgelu,NVIDIA GeForce RTX 4080 SUPER,4b82f7bb5d,0445fa3
tip_adapter,imagenet_v2,1000,4,43,,1.5,1.0,6000,62.8,4.1018,3.8191,24.1753,2.0804,1536,,ViT-B-16-quickgelu,NVIDIA GeForce RTX 4080 SUPER,655ad00d44,0445fa3
coop,imagenet_v2,1000,4,43,,,,6000,63.1833,2.6263,2.3146,24.8252,2.0804,1536,,ViT-B-16-quickgelu,NVIDIA GeForce RTX 4080 SUPER,e8ff1efea3,0445fa3
tip_adapter_f,imagenet_v2,1000,4,43,,1.5,5.0,6000,64.6167,4.0072,3.4938,24.5005,2.0804,1536,,ViT-B-16-quickgelu,NVIDIA GeForce RTX 4080 SUPER,7aa1367fbc,0445fa3
tip_adapter_sals,imagenet_v2,1000,4,43,,1.5,5.0,6000,63.2167,3.922,2.6828,23.2756,2.0804,1536,,ViT-B-16-quickgelu,NVIDIA GeForce RTX 4080 SUPER,dd02746e06,0445fa3
coop_sals,imagenet_v2,1000,4,43,,,,6000,63.1833,2.0978,-0.6172,23.2756,2.0804,1536,,ViT-B-16-quickgelu,NVIDIA GeForce RTX 4080 SUPER,9a99ebddb4,0445fa3
tip_adapter_f_sals,imagenet_v2,1000,4,43,,1.5,5.0,6000,64.6167,3.0889,1.7607,23.2756,2.0804,1536,,ViT-B-16-quickgelu,NVIDIA GeForce RTX 4080 SUPER,955e2a7d93,0445fa3
zero_shot_ts,imagenet_v2,1000,4,43,,,,6000,62.15,3.3066,1.6594,23.1185,2.0804,1536,1.0068,ViT-B-16-quickgelu,NVIDIA GeForce RTX 4080 SUPER,35c0588f46,0445fa3
zero_shot,imagenet_v2,1000,4,44,,,,6000,62.0,2.3246,2.0076,23.2635,1.9831,1527,,ViT-B-16-quickgelu,NVIDIA GeForce RTX 4080 SUPER,7567d10c23,0445fa3
tip_adapter,imagenet_v2,1000,4,44,,1.5,5.0,6000,63.0333,4.3054,4.2521,24.3678,1.9831,1527,,ViT-B-16-quickgelu,NVIDIA GeForce RTX 4080 SUPER,df55bbd361,0445fa3
tip_adapter,imagenet_v2,1000,4,44,,1.5,1.0,6000,62.65,4.0994,3.8272,24.1612,1.9831,1527,,ViT-B-16-quickgelu,NVIDIA GeForce RTX 4080 SUPER,6883d3ff04,0445fa3
coop,imagenet_v2,1000,4,44,,,,6000,63.65,2.6548,2.0451,24.099,1.9831,1527,,ViT-B-16-quickgelu,NVIDIA GeForce RTX 4080 SUPER,59638f7920,0445fa3
tip_adapter_f,imagenet_v2,1000,4,44,,1.5,5.0,6000,64.0833,3.8156,3.6879,24.4786,1.9831,1527,,ViT-B-16-quickgelu,NVIDIA GeForce RTX 4080 SUPER,17bf724c48,0445fa3
tip_adapter_sals,imagenet_v2,1000,4,44,,1.5,5.0,6000,63.0333,2.9962,2.6687,23.2635,1.9831,1527,,ViT-B-16-quickgelu,NVIDIA GeForce RTX 4080 SUPER,b71490b13b,0445fa3
coop_sals,imagenet_v2,1000,4,44,,,,6000,63.65,1.7404,0.2871,23.2635,1.9831,1527,,ViT-B-16-quickgelu,NVIDIA GeForce RTX 4080 SUPER,72e043f92d,0445fa3
tip_adapter_f_sals,imagenet_v2,1000,4,44,,1.5,5.0,6000,64.0833,2.3767,1.969,23.2635,1.9831,1527,,ViT-B-16-quickgelu,NVIDIA GeForce RTX 4080 SUPER,69127c2c4c,0445fa3
zero_shot_ts,imagenet_v2,1000,4,44,,,,6000,62.0,2.0927,1.5949,23.037,1.9831,1527,1.0098,ViT-B-16-quickgelu,NVIDIA GeForce RTX 4080 SUPER,d4f1d2beb4,0445fa3
zero_shot,imagenet_a,101,16,42,,,,3403,55.1572,6.8683,6.7225,16.7986,6.7279,690,,ViT-B-16-quickgelu,NVIDIA GeForce RTX 4080 SUPER,fa04675d35,0445fa3
tip_adapter,imagenet_a,101,16,42,,1.5,5.0,3403,60.4467,8.9527,8.9086,19.8807,6.7279,690,,ViT-B-16-quickgelu,NVIDIA GeForce RTX 4080 SUPER,5e09b19f92,0445fa3
tip_adapter,imagenet_a,101,16,42,,1.5,1.0,3403,59.0655,8.4838,8.4838,19.5405,6.7279,690,,ViT-B-16-quickgelu,NVIDIA GeForce RTX 4080 SUPER,3b16c87786,0445fa3
coop,imagenet_a,101,16,42,,,,3403,60.2116,3.9856,3.9756,17.7464,6.7279,690,,ViT-B-16-quickgelu,NVIDIA GeForce RTX 4080 SUPER,0cfe05ec48,0445fa3
tip_adapter_f,imagenet_a,101,16,42,,1.5,5.0,3403,64.2962,7.6025,7.5587,20.3373,6.7279,690,,ViT-B-16-quickgelu,NVIDIA GeForce RTX 4080 SUPER,ea9b441f65,0445fa3
tip_adapter_sals,imagenet_a,101,16,42,,1.5,5.0,3403,60.4467,3.9064,3.4388,16.7986,6.7279,690,,ViT-B-16-quickgelu,NVIDIA GeForce RTX 4080 SUPER,98ddb29d96,0445fa3
coop_sals,imagenet_a,101,16,42,,,,3403,60.2116,2.9646,1.3385,16.7986,6.7279,690,,ViT-B-16-quickgelu,NVIDIA GeForce RTX 4080 SUPER,09fadb12f8,0445fa3
tip_adapter_f_sals,imagenet_a,101,16,42,,1.5,5.0,3403,64.2962,1.9172,1.5136,16.7986,6.7279,690,,ViT-B-16-quickgelu,NVIDIA GeForce RTX 4080 SUPER,895463c36f,0445fa3
zero_shot_ts,imagenet_a,101,16,42,,,,3403,55.1572,2.6913,1.5132,14.7163,6.7279,690,1.1415,ViT-B-16-quickgelu,NVIDIA GeForce RTX 4080 SUPER,80f879fc8d,0445fa3
zero_shot,imagenet_a,101,16,43,,,,3403,56.0094,6.5152,6.4913,16.818,6.4846,704,,ViT-B-16-quickgelu,NVIDIA GeForce RTX 4080 SUPER,e1e0d5375c,0445fa3
tip_adapter,imagenet_a,101,16,43,,1.5,5.0,3403,60.8287,9.0302,9.0302,19.8623,6.4846,704,,ViT-B-16-quickgelu,NVIDIA GeForce RTX 4080 SUPER,4e7a9f39c3,0445fa3
tip_adapter,imagenet_a,101,16,43,,1.5,1.0,3403,59.4769,8.4868,8.4868,19.5082,6.4846,704,,ViT-B-16-quickgelu,NVIDIA GeForce RTX 4080 SUPER,e37e6e19e2,0445fa3
coop,imagenet_a,101,16,43,,,,3403,61.9747,4.929,4.929,18.6094,6.4846,704,,ViT-B-16-quickgelu,NVIDIA GeForce RTX 4080 SUPER,e0d6725395,0445fa3
tip_adapter_f,imagenet_a,101,16,43,,1.5,5.0,3403,64.9721,7.7638,7.7638,20.3162,6.4846,704,,ViT-B-16-quickgelu,NVIDIA GeForce RTX 4080 SUPER,806aaf12ee,0445fa3
tip_adapter_sals,imagenet_a,101,16,43,,1.5,5.0,3403,60.8287,3.9331,3.7842,16.818,6.4846,704,,ViT-B-16-quickgelu,NVIDIA GeForce RTX 4080 SUPER,f529e252a8,0445fa3
coop_sals,imagenet_a,101,16,43,,,,3403,61.9747,3.159,0.8289,16.818,6.4846,704,,ViT-B-16-quickgelu,NVIDIA GeForce RTX 4080 SUPER,f6cdc44b03,0445fa3
tip_adapter_f_sals,imagenet_a,101,16,43,,1.5,5.0,3403,64.9721,2.8707,1.867,16.818,6.4846,704,,ViT-B-16-quickgelu,NVIDIA GeForce RTX 4080 SUPER,3c6b84835d,0445fa3
zero_shot_ts,imagenet_a,101,16,43,,,,3403,56.0094,3.4194,1.5574,14.8319,6.4846,704,1.1339,ViT-B-16-quickgelu,NVIDIA GeForce RTX 4080 SUPER,ab6b6e8e81,0445fa3
zero_shot,imagenet_a,101,16,44,,,,3403,54.8634,7.3645,7.3358,16.7792,4.8245,674,,ViT-B-16-quickgelu,NVIDIA GeForce RTX 4080 SUPER,9ea27eacd7,0445fa3
tip_adapter,imagenet_a,101,16,44,,1.5,5.0,3403,59.5651,10.0512,10.0123,19.8795,4.8245,674,,ViT-B-16-quickgelu,NVIDIA GeForce RTX 4080 SUPER,98e3ec64b5,0445fa3
tip_adapter,imagenet_a,101,16,44,,1.5,1.0,3403,58.7717,8.9608,8.9608,19.5149,4.8245,674,,ViT-B-16-quickgelu,NVIDIA GeForce RTX 4080 SUPER,117703e79d,0445fa3
coop,imagenet_a,101,16,44,,,,3403,60.623,5.163,4.9808,17.7494,4.8245,674,,ViT-B-16-quickgelu,NVIDIA GeForce RTX 4080 SUPER,720ff7b967,0445fa3
tip_adapter_f,imagenet_a,101,16,44,,1.5,5.0,3403,63.826,8.132,8.0784,20.2864,4.8245,674,,ViT-B-16-quickgelu,NVIDIA GeForce RTX 4080 SUPER,168da3bd50,0445fa3
tip_adapter_sals,imagenet_a,101,16,44,,1.5,5.0,3403,59.5651,4.5809,4.5525,16.7792,4.8245,674,,ViT-B-16-quickgelu,NVIDIA GeForce RTX 4080 SUPER,9f2738a884,0445fa3
coop_sals,imagenet_a,101,16,44,,,,3403,60.623,3.0728,2.5987,16.7792,4.8245,674,,ViT-B-16-quickgelu,NVIDIA GeForce RTX 4080 SUPER,210318459d,0445fa3
tip_adapter_f_sals,imagenet_a,101,16,44,,1.5,5.0,3403,63.826,2.1873,1.9586,16.7792,4.8245,674,,ViT-B-16-quickgelu,NVIDIA GeForce RTX 4080 SUPER,237c96643e,0445fa3
zero_shot_ts,imagenet_a,101,16,44,,,,3403,54.8634,4.072,3.397,15.1698,4.8245,674,1.1061,ViT-B-16-quickgelu,NVIDIA GeForce RTX 4080 SUPER,c7ddc16f10,0445fa3
zero_shot,pacs_photo,7,16,42,,,,1488,99.9328,1.244,-1.244,10.7823,-0.8636,0,,ViT-B-16-quickgelu,NVIDIA GeForce RTX 4080 SUPER,e9f61b2d60,0445fa3
tip_adapter,pacs_photo,7,16,42,,1.5,5.0,1488,99.7984,0.1292,-0.0228,16.733,-0.8636,0,,ViT-B-16-quickgelu,NVIDIA GeForce RTX 4080 SUPER,c1fc2d9cfa,0445fa3
tip_adapter,pacs_photo,7,16,42,,1.5,1.0,1488,99.9328,0.1816,-0.1816,15.0058,-0.8636,0,,ViT-B-16-quickgelu,NVIDIA GeForce RTX 4080 SUPER,3bad8bd8d5,0445fa3
coop,pacs_photo,7,16,42,,,,1488,99.9328,0.0703,-0.0364,16.5665,-0.8636,0,,ViT-B-16-quickgelu,NVIDIA GeForce RTX 4080 SUPER,2f55dfdcb5,0445fa3
tip_adapter_f,pacs_photo,7,16,42,,1.5,5.0,1488,99.9328,0.1323,-0.1323,16.7709,-0.8636,0,,ViT-B-16-quickgelu,NVIDIA GeForce RTX 4080 SUPER,2abcfe0643,0445fa3
tip_adapter_sals,pacs_photo,7,16,42,,1.5,5.0,1488,99.7984,0.8541,-0.7297,10.7823,-0.8636,0,,ViT-B-16-quickgelu,NVIDIA GeForce RTX 4080 SUPER,d90f798d5a,0445fa3
coop_sals,pacs_photo,7,16,42,,,,1488,99.9328,0.8442,-0.8397,10.7823,-0.8636,0,,ViT-B-16-quickgelu,NVIDIA GeForce RTX 4080 SUPER,719b85f0c0,0445fa3
tip_adapter_f_sals,pacs_photo,7,16,42,,1.5,5.0,1488,99.9328,0.8409,-0.8213,10.7823,-0.8636,0,,ViT-B-16-quickgelu,NVIDIA GeForce RTX 4080 SUPER,e5eda75586,0445fa3
zero_shot_ts,pacs_photo,7,16,42,,,,1488,,,,,-0.8636,0,,ViT-B-16-quickgelu,NVIDIA GeForce RTX 4080 SUPER,77d3a71a64,0445fa3
zero_shot,pacs_photo,7,16,43,,,,1488,99.9328,1.2338,-1.2338,10.7808,-0.9744,0,,ViT-B-16-quickgelu,NVIDIA GeForce RTX 4080 SUPER,5fcdbcd273,0445fa3
tip_adapter,pacs_photo,7,16,43,,1.5,5.0,1488,99.7984,0.13,0.0082,16.6124,-0.9744,0,,ViT-B-16-quickgelu,NVIDIA GeForce RTX 4080 SUPER,b16a8a21f4,0445fa3
tip_adapter,pacs_photo,7,16,43,,1.5,1.0,1488,99.7984,0.1468,-0.0232,15.1211,-0.9744,0,,ViT-B-16-quickgelu,NVIDIA GeForce RTX 4080 SUPER,079be2a57a,0445fa3
coop,pacs_photo,7,16,43,,,,1488,99.8656,0.0939,0.0173,17.9482,-0.9744,0,,ViT-B-16-quickgelu,NVIDIA GeForce RTX 4080 SUPER,0709ed03ee,0445fa3
tip_adapter_f,pacs_photo,7,16,43,,1.5,5.0,1488,99.7984,0.1182,0.0264,16.7106,-0.9744,0,,ViT-B-16-quickgelu,NVIDIA GeForce RTX 4080 SUPER,17328696c7,0445fa3
tip_adapter_sals,pacs_photo,7,16,43,,1.5,5.0,1488,99.7984,0.9347,-0.7447,10.7808,-0.9744,0,,ViT-B-16-quickgelu,NVIDIA GeForce RTX 4080 SUPER,1d1726c91f,0445fa3
coop_sals,pacs_photo,7,16,43,,,,1488,99.8656,1.0567,-0.9137,10.7808,-0.9744,0,,ViT-B-16-quickgelu,NVIDIA GeForce RTX 4080 SUPER,a99f05c97f,0445fa3
tip_adapter_f_sals,pacs_photo,7,16,43,,1.5,5.0,1488,99.7984,0.912,-0.7145,10.7808,-0.9744,0,,ViT-B-16-quickgelu,NVIDIA GeForce RTX 4080 SUPER,35b5ebdf59,0445fa3
zero_shot_ts,pacs_photo,7,16,43,,,,1488,,,,,-0.9744,0,,ViT-B-16-quickgelu,NVIDIA GeForce RTX 4080 SUPER,6bd3712780,0445fa3
zero_shot,pacs_photo,7,16,44,,,,1488,99.9328,1.1862,-1.1862,10.7811,-1.3217,0,,ViT-B-16-quickgelu,NVIDIA GeForce RTX 4080 SUPER,bc1ddf8475,0445fa3
tip_adapter,pacs_photo,7,16,44,,1.5,5.0,1488,99.8656,0.0879,-0.0255,16.5879,-1.3217,0,,ViT-B-16-quickgelu,NVIDIA GeForce RTX 4080 SUPER,9fa5f0e03c,0445fa3
tip_adapter,pacs_photo,7,16,44,,1.5,1.0,1488,99.8656,0.1228,-0.0648,15.0632,-1.3217,0,,ViT-B-16-quickgelu,NVIDIA GeForce RTX 4080 SUPER,1fc54d8e66,0445fa3
coop,pacs_photo,7,16,44,,,,1488,100.0,0.1931,-0.1931,14.6808,-1.3217,0,,ViT-B-16-quickgelu,NVIDIA GeForce RTX 4080 SUPER,e6d77ff1d2,0445fa3
tip_adapter_f,pacs_photo,7,16,44,,1.5,5.0,1488,99.8656,0.1478,0.0022,16.5379,-1.3217,0,,ViT-B-16-quickgelu,NVIDIA GeForce RTX 4080 SUPER,9d99eed086,0445fa3
tip_adapter_sals,pacs_photo,7,16,44,,1.5,5.0,1488,99.8656,0.8755,-0.7847,10.7811,-1.3217,0,,ViT-B-16-quickgelu,NVIDIA GeForce RTX 4080 SUPER,d8dbf7d179,0445fa3
coop_sals,pacs_photo,7,16,44,,,,1488,100.0,1.3104,-1.3104,10.7811,-1.3217,0,,ViT-B-16-quickgelu,NVIDIA GeForce RTX 4080 SUPER,8ee664bbd1,0445fa3
tip_adapter_f_sals,pacs_photo,7,16,44,,1.5,5.0,1488,99.8656,0.8919,-0.7442,10.7811,-1.3217,0,,ViT-B-16-quickgelu,NVIDIA GeForce RTX 4080 SUPER,9067dda0c7,0445fa3
zero_shot_ts,pacs_photo,7,16,44,,,,1488,,,,,-1.3217,0,,ViT-B-16-quickgelu,NVIDIA GeForce RTX 4080 SUPER,1499a1d6a1,0445fa3
zero_shot,pacs_art,7,16,42,,,,1866,97.5884,2.6929,-2.4377,9.9841,-1.5988,3,,ViT-B-16-quickgelu,NVIDIA GeForce RTX 4080 SUPER,df1a75d9e1,0445fa3
tip_adapter,pacs_art,7,16,42,,1.5,5.0,1866,97.8028,1.1661,-0.9055,13.279,-1.5988,3,,ViT-B-16-quickgelu,NVIDIA GeForce RTX 4080 SUPER,ca9a1eee42,0445fa3
tip_adapter,pacs_art,7,16,42,,1.5,1.0,1866,97.6956,1.3571,-1.0466,12.044,-1.5988,3,,ViT-B-16-quickgelu,NVIDIA GeForce RTX 4080 SUPER,e2a908ae7d,0445fa3
coop,pacs_art,7,16,42,,,,1866,97.7492,0.4956,0.4259,14.7779,-1.5988,3,,ViT-B-16-quickgelu,NVIDIA GeForce RTX 4080 SUPER,12aa283067,0445fa3
tip_adapter_f,pacs_art,7,16,42,,1.5,5.0,1866,98.3387,0.6505,-0.4502,13.586,-1.5988,3,,ViT-B-16-quickgelu,NVIDIA GeForce RTX 4080 SUPER,8d6b582463,0445fa3
tip_adapter_sals,pacs_art,7,16,42,,1.5,5.0,1866,97.8028,2.4244,-2.1608,9.9841,-1.5988,3,,ViT-B-16-quickgelu,NVIDIA GeForce RTX 4080 SUPER,6758d9c3f0,0445fa3
coop_sals,pacs_art,7,16,42,,,,1866,97.7492,1.9053,-1.5721,9.9841,-1.5988,3,,ViT-B-16-quickgelu,NVIDIA GeForce RTX 4080 SUPER,89548de036,0445fa3
tip_adapter_f_sals,pacs_art,7,16,42,,1.5,5.0,1866,98.3387,2.0751,-2.0534,9.9841,-1.5988,3,,ViT-B-16-quickgelu,NVIDIA GeForce RTX 4080 SUPER,8325b8b5f7,0445fa3
zero_shot_ts,pacs_art,7,16,42,,,,1866,97.5884,0.6926,-0.1028,14.0475,-1.5988,3,0.7107,ViT-B-16-quickgelu,NVIDIA GeForce RTX 4080 SUPER,2c2bb54512,0445fa3
zero_shot,pacs_art,7,16,43,,,,1866,97.4812,2.6279,-2.3144,9.9782,-3.119,1,,ViT-B-16-quickgelu,NVIDIA GeForce RTX 4080 SUPER,b5759cf5b3,0445fa3
tip_adapter,pacs_art,7,16,43,,1.5,5.0,1866,97.4276,1.0399,-1.0009,13.4498,-3.119,1,,ViT-B-16-quickgelu,NVIDIA GeForce RTX 4080 SUPER,dd7c6371f7,0445fa3
tip_adapter,pacs_art,7,16,43,,1.5,1.0,1866,97.6956,1.5186,-1.5186,12.1236,-3.119,1,,ViT-B-16-quickgelu,NVIDIA GeForce RTX 4080 SUPER,165e0a0977,0445fa3
coop,pacs_art,7,16,43,,,,1866,97.7492,0.7781,0.154,13.4921,-3.119,1,,ViT-B-16-quickgelu,NVIDIA GeForce RTX 4080 SUPER,366157d265,0445fa3
tip_adapter_f,pacs_art,7,16,43,,1.5,5.0,1866,98.0171,0.8114,-0.2797,13.6612,-3.119,1,,ViT-B-16-quickgelu,NVIDIA GeForce RTX 4080 SUPER,de11600989,0445fa3
tip_adapter_sals,pacs_art,7,16,43,,1.5,5.0,1866,97.4276,2.1371,-2.0354,9.9782,-3.119,1,,ViT-B-16-quickgelu,NVIDIA GeForce RTX 4080 SUPER,8f7c1ec1ac,0445fa3
coop_sals,pacs_art,7,16,43,,,,1866,97.7492,1.8106,-1.8106,9.9782,-3.119,1,,ViT-B-16-quickgelu,NVIDIA GeForce RTX 4080 SUPER,2c74fd94d3,0445fa3
tip_adapter_f_sals,pacs_art,7,16,43,,1.5,5.0,1866,98.0171,1.8114,-1.73,9.9782,-3.119,1,,ViT-B-16-quickgelu,NVIDIA GeForce RTX 4080 SUPER,fefd750c04,0445fa3
zero_shot_ts,pacs_art,7,16,43,,,,1866,97.4812,0.7949,0.7274,16.8725,-3.119,1,0.5914,ViT-B-16-quickgelu,NVIDIA GeForce RTX 4080 SUPER,dd7a129902,0445fa3
zero_shot,pacs_art,7,16,44,,,,1866,97.5348,2.5358,-2.3132,9.9714,-2.8061,2,,ViT-B-16-quickgelu,NVIDIA GeForce RTX 4080 SUPER,205c606767,0445fa3
tip_adapter,pacs_art,7,16,44,,1.5,5.0,1866,97.642,1.1153,-1.0702,13.5367,-2.8061,2,,ViT-B-16-quickgelu,NVIDIA GeForce RTX 4080 SUPER,72ef1cd9c7,0445fa3
tip_adapter,pacs_art,7,16,44,,1.5,1.0,1866,97.8028,1.7188,-1.4964,12.1489,-2.8061,2,,ViT-B-16-quickgelu,NVIDIA GeForce RTX 4080 SUPER,3f0562fe74,0445fa3
coop,pacs_art,7,16,44,,,,1866,97.9636,0.4915,0.3088,15.0984,-2.8061,2,,ViT-B-16-quickgelu,NVIDIA GeForce RTX 4080 SUPER,4c473ae12c,0445fa3
tip_adapter_f,pacs_art,7,16,44,,1.5,5.0,1866,98.2315,0.9976,-0.5649,13.7124,-2.8061,2,,ViT-B-16-quickgelu,NVIDIA GeForce RTX 4080 SUPER,6dd7ab1847,0445fa3
tip_adapter_sals,pacs_art,7,16,44,,1.5,5.0,1866,97.642,2.0846,-1.9967,9.9714,-2.8061,2,,ViT-B-16-quickgelu,NVIDIA GeForce RTX 4080 SUPER,482f327c1b,0445fa3
coop_sals,pacs_art,7,16,44,,,,1866,97.9636,2.1376,-2.049,9.9714,-2.8061,2,,ViT-B-16-quickgelu,NVIDIA GeForce RTX 4080 SUPER,497769988f,0445fa3
tip_adapter_f_sals,pacs_art,7,16,44,,1.5,5.0,1866,98.2315,2.2466,-2.1538,9.9714,-2.8061,2,,ViT-B-16-quickgelu,NVIDIA GeForce RTX 4080 SUPER,fbaa4be352,0445fa3
zero_shot_ts,pacs_art,7,16,44,,,,1866,97.5348,0.8253,0.2732,14.9096,-2.8061,2,0.6688,ViT-B-16-quickgelu,NVIDIA GeForce RTX 4080 SUPER,4b3437f979,0445fa3
zero_shot,pacs_cartoon,7,16,42,,,,2162,99.2599,2.1267,-2.1267,10.6458,-1.4311,0,,ViT-B-16-quickgelu,NVIDIA GeForce RTX 4080 SUPER,2efdf547e6,0445fa3
tip_adapter,pacs_cartoon,7,16,42,,1.5,5.0,2162,99.3062,1.0283,-0.809,16.5814,-1.4311,0,,ViT-B-16-quickgelu,NVIDIA GeForce RTX 4080 SUPER,ffe5707244,0445fa3
tip_adapter,pacs_cartoon,7,16,42,,1.5,1.0,2162,99.2599,1.3509,-1.1012,13.7088,-1.4311,0,,ViT-B-16-quickgelu,NVIDIA GeForce RTX 4080 SUPER,cdfb43bf3d,0445fa3
coop,pacs_cartoon,7,16,42,,,,2162,99.4912,0.3171,-0.1971,16.065,-1.4311,0,,ViT-B-16-quickgelu,NVIDIA GeForce RTX 4080 SUPER,eed13a22ec,0445fa3
tip_adapter_f,pacs_cartoon,7,16,42,,1.5,5.0,2162,99.445,0.4852,-0.4491,16.3504,-1.4311,0,,ViT-B-16-quickgelu,NVIDIA GeForce RTX 4080 SUPER,f7f19d940f,0445fa3
tip_adapter_sals,pacs_cartoon,7,16,42,,1.5,5.0,2162,99.3062,2.253,-2.1616,10.6458,-1.4311,0,,ViT-B-16-quickgelu,NVIDIA GeForce RTX 4080 SUPER,05f238eaad,0445fa3
coop_sals,pacs_cartoon,7,16,42,,,,2162,99.4912,1.7799,-1.7072,10.6458,-1.4311,0,,ViT-B-16-quickgelu,NVIDIA GeForce RTX 4080 SUPER,8eeaaafb66,0445fa3
tip_adapter_f_sals,pacs_cartoon,7,16,42,,1.5,5.0,2162,99.445,1.9776,-1.9449,10.6458,-1.4311,0,,ViT-B-16-quickgelu,NVIDIA GeForce RTX 4080 SUPER,cd4e5ca968,0445fa3
zero_shot_ts,pacs_cartoon,7,16,42,,,,2162,,,,,-1.4311,0,,ViT-B-16-quickgelu,NVIDIA GeForce RTX 4080 SUPER,341dd349f2,0445fa3
zero_shot,pacs_cartoon,7,16,43,,,,2162,99.2137,2.0729,-2.0728,10.6422,-1.997,0,,ViT-B-16-quickgelu,NVIDIA GeForce RTX 4080 SUPER,b8972985dd,0445fa3
tip_adapter,pacs_cartoon,7,16,43,,1.5,5.0,2162,99.3062,0.8123,-0.7535,15.8703,-1.997,0,,ViT-B-16-quickgelu,NVIDIA GeForce RTX 4080 SUPER,a147b7f991,0445fa3
tip_adapter,pacs_cartoon,7,16,43,,1.5,1.0,2162,99.2599,1.1635,-0.9925,13.5117,-1.997,0,,ViT-B-16-quickgelu,NVIDIA GeForce RTX 4080 SUPER,33bdf5a325,0445fa3
coop,pacs_cartoon,7,16,43,,,,2162,99.1674,0.6381,-0.1031,15.4261,-1.997,0,,ViT-B-16-quickgelu,NVIDIA GeForce RTX 4080 SUPER,c455fd61cd,0445fa3
tip_adapter_f,pacs_cartoon,7,16,43,,1.5,5.0,2162,99.3062,0.5724,-0.4153,15.7282,-1.997,0,,ViT-B-16-quickgelu,NVIDIA GeForce RTX 4080 SUPER,91308793a9,0445fa3
tip_adapter_sals,pacs_cartoon,7,16,43,,1.5,5.0,2162,99.3062,2.1852,-2.0265,10.6422,-1.997,0,,ViT-B-16-quickgelu,NVIDIA GeForce RTX 4080 SUPER,15eee3db1a,0445fa3
coop_sals,pacs_cartoon,7,16,43,,,,2162,99.1674,1.8749,-1.7961,10.6422,-1.997,0,,ViT-B-16-quickgelu,NVIDIA GeForce RTX 4080 SUPER,1f1879aad0,0445fa3
tip_adapter_f_sals,pacs_cartoon,7,16,43,,1.5,5.0,2162,99.3062,1.9423,-1.8753,10.6422,-1.997,0,,ViT-B-16-quickgelu,NVIDIA GeForce RTX 4080 SUPER,96a606b047,0445fa3
zero_shot_ts,pacs_cartoon,7,16,43,,,,2162,,,,,-1.997,0,,ViT-B-16-quickgelu,NVIDIA GeForce RTX 4080 SUPER,ffb9e2d057,0445fa3
zero_shot,pacs_cartoon,7,16,44,,,,2162,99.2599,2.1421,-2.1422,10.6374,-0.9258,1,,ViT-B-16-quickgelu,NVIDIA GeForce RTX 4080 SUPER,ccee214485,0445fa3
tip_adapter,pacs_cartoon,7,16,44,,1.5,5.0,2162,99.0749,0.7299,-0.7299,16.2363,-0.9258,1,,ViT-B-16-quickgelu,NVIDIA GeForce RTX 4080 SUPER,fd814be54f,0445fa3
tip_adapter,pacs_cartoon,7,16,44,,1.5,1.0,2162,99.0749,1.3143,-1.0552,13.5355,-0.9258,1,,ViT-B-16-quickgelu,NVIDIA GeForce RTX 4080 SUPER,c5d1d8db30,0445fa3
coop,pacs_cartoon,7,16,44,,,,2162,99.2599,0.6429,-0.2571,15.3256,-0.9258,1,,ViT-B-16-quickgelu,NVIDIA GeForce RTX 4080 SUPER,79574b43f8,0445fa3
tip_adapter_f,pacs_cartoon,7,16,44,,1.5,5.0,2162,99.3062,0.5287,-0.351,16.0872,-0.9258,1,,ViT-B-16-quickgelu,NVIDIA GeForce RTX 4080 SUPER,517afb267e,0445fa3
tip_adapter_sals,pacs_cartoon,7,16,44,,1.5,5.0,2162,99.0749,1.8717,-1.8598,10.6374,-0.9258,1,,ViT-B-16-quickgelu,NVIDIA GeForce RTX 4080 SUPER,a168d83744,0445fa3
coop_sals,pacs_cartoon,7,16,44,,,,2162,99.2599,2.3021,-2.1905,10.6374,-0.9258,1,,ViT-B-16-quickgelu,NVIDIA GeForce RTX 4080 SUPER,700b6006ff,0445fa3
tip_adapter_f_sals,pacs_cartoon,7,16,44,,1.5,5.0,2162,99.3062,1.7656,-1.7334,10.6374,-0.9258,1,,ViT-B-16-quickgelu,NVIDIA GeForce RTX 4080 SUPER,61a44ae037,0445fa3
zero_shot_ts,pacs_cartoon,7,16,44,,,,2162,99.2599,0.2735,-0.0096,18.8456,-0.9258,1,0.5645,ViT-B-16-quickgelu,NVIDIA GeForce RTX 4080 SUPER,1b761cc499,0445fa3
zero_shot,pacs_sketch,7,16,42,,,,3747,90.0721,3.2537,3.1914,10.699,-0.48,8,,ViT-B-16-quickgelu,NVIDIA GeForce RTX 4080 SUPER,a2740f3e25,0445fa3
tip_adapter,pacs_sketch,7,16,42,,1.5,5.0,3747,89.9119,6.0448,6.0448,18.9698,-0.48,8,,ViT-B-16-quickgelu,NVIDIA GeForce RTX 4080 SUPER,d3ae221345,0445fa3
tip_adapter,pacs_sketch,7,16,42,,1.5,1.0,3747,90.0721,4.6282,4.6282,13.794,-0.48,8,,ViT-B-16-quickgelu,NVIDIA GeForce RTX 4080 SUPER,deb46234eb,0445fa3
coop,pacs_sketch,7,16,42,,,,3747,94.0486,0.648,0.2819,10.8385,-0.48,8,,ViT-B-16-quickgelu,NVIDIA GeForce RTX 4080 SUPER,2aac1dfa9b,0445fa3
tip_adapter_f,pacs_sketch,7,16,42,,1.5,5.0,3747,93.9418,2.3494,2.3388,19.2641,-0.48,8,,ViT-B-16-quickgelu,NVIDIA GeForce RTX 4080 SUPER,64e9306665,0445fa3
tip_adapter_sals,pacs_sketch,7,16,42,,1.5,5.0,3747,89.9119,2.7158,2.5117,10.699,-0.48,8,,ViT-B-16-quickgelu,NVIDIA GeForce RTX 4080 SUPER,9f08996d74,0445fa3
coop_sals,pacs_sketch,7,16,42,,,,3747,94.0486,0.9224,0.6908,10.699,-0.48,8,,ViT-B-16-quickgelu,NVIDIA GeForce RTX 4080 SUPER,b7065df3a3,0445fa3
tip_adapter_f_sals,pacs_sketch,7,16,42,,1.5,5.0,3747,93.9418,1.2571,-1.0033,10.699,-0.48,8,,ViT-B-16-quickgelu,NVIDIA GeForce RTX 4080 SUPER,65ff5d0127,0445fa3
zero_shot_ts,pacs_sketch,7,16,42,,,,3747,90.0721,3.4396,3.4396,10.9958,-0.48,8,0.973,ViT-B-16-quickgelu,NVIDIA GeForce RTX 4080 SUPER,354d1841cd,0445fa3
zero_shot,pacs_sketch,7,16,43,,,,3747,90.0454,3.1373,3.135,10.6962,0.3129,7,,ViT-B-16-quickgelu,NVIDIA GeForce RTX 4080 SUPER,998074f66d,0445fa3
tip_adapter,pacs_sketch,7,16,43,,1.5,5.0,3747,90.3122,5.7378,5.7298,18.8761,0.3129,7,,ViT-B-16-quickgelu,NVIDIA GeForce RTX 4080 SUPER,7e8b08d07f,0445fa3
tip_adapter,pacs_sketch,7,16,43,,1.5,1.0,3747,90.3122,4.613,4.3629,13.7373,0.3129,7,,ViT-B-16-quickgelu,NVIDIA GeForce RTX 4080 SUPER,992e234d89,0445fa3
coop,pacs_sketch,7,16,43,,,,3747,92.4206,3.0996,3.0323,12.5622,0.3129,7,,ViT-B-16-quickgelu,NVIDIA GeForce RTX 4080 SUPER,d633f5e763,0445fa3
tip_adapter_f,pacs_sketch,7,16,43,,1.5,5.0,3747,92.8743,3.7441,3.5081,19.0942,0.3129,7,,ViT-B-16-quickgelu,NVIDIA GeForce RTX 4080 SUPER,98275a4d2c,0445fa3
tip_adapter_sals,pacs_sketch,7,16,43,,1.5,5.0,3747,90.3122,2.4384,2.243,10.6962,0.3129,7,,ViT-B-16-quickgelu,NVIDIA GeForce RTX 4080 SUPER,fe72a85f80,0445fa3
coop_sals,pacs_sketch,7,16,43,,,,3747,92.4206,2.3753,2.254,10.6962,0.3129,7,,ViT-B-16-quickgelu,NVIDIA GeForce RTX 4080 SUPER,f6f857e02b,0445fa3
tip_adapter_f_sals,pacs_sketch,7,16,43,,1.5,5.0,3747,92.8743,0.8316,0.2703,10.6962,0.3129,7,,ViT-B-16-quickgelu,NVIDIA GeForce RTX 4080 SUPER,e736cf1481,0445fa3
zero_shot_ts,pacs_sketch,7,16,43,,,,3747,90.0454,4.2043,4.142,12.0634,0.3129,7,0.8867,ViT-B-16-quickgelu,NVIDIA GeForce RTX 4080 SUPER,01f1249824,0445fa3
zero_shot,pacs_sketch,7,16,44,,,,3747,89.9119,3.1793,3.1793,10.6834,0.8085,5,,ViT-B-16-quickgelu,NVIDIA GeForce RTX 4080 SUPER,b7f288167e,0445fa3
tip_adapter,pacs_sketch,7,16,44,,1.5,5.0,3747,90.0721,5.8779,5.8779,18.9773,0.8085,5,,ViT-B-16-quickgelu,NVIDIA GeForce RTX 4080 SUPER,ef52f6dbc9,0445fa3
tip_adapter,pacs_sketch,7,16,44,,1.5,1.0,3747,90.0987,4.6159,4.4815,13.7539,0.8085,5,,ViT-B-16-quickgelu,NVIDIA GeForce RTX 4080 SUPER,1260c36254,0445fa3
coop,pacs_sketch,7,16,44,,,,3747,92.2872,1.8493,1.8493,13.1593,0.8085,5,,ViT-B-16-quickgelu,NVIDIA GeForce RTX 4080 SUPER,ebb9647453,0445fa3
tip_adapter_f,pacs_sketch,7,16,44,,1.5,5.0,3747,91.8868,3.7408,3.6085,18.5729,0.8085,5,,ViT-B-16-quickgelu,NVIDIA GeForce RTX 4080 SUPER,6aaf240df0,0445fa3
tip_adapter_sals,pacs_sketch,7,16,44,,1.5,5.0,3747,90.0721,2.307,2.307,10.6834,0.8085,5,,ViT-B-16-quickgelu,NVIDIA GeForce RTX 4080 SUPER,6dd83e7f8d,0445fa3
coop_sals,pacs_sketch,7,16,44,,,,3747,92.2872,0.4918,0.4619,10.6834,0.8085,5,,ViT-B-16-quickgelu,NVIDIA GeForce RTX 4080 SUPER,93bb99fcb9,0445fa3
tip_adapter_f_sals,pacs_sketch,7,16,44,,1.5,5.0,3747,91.8868,0.7021,-0.0051,10.6834,0.8085,5,,ViT-B-16-quickgelu,NVIDIA GeForce RTX 4080 SUPER,1ae261e146,0445fa3
zero_shot_ts,pacs_sketch,7,16,44,,,,3747,89.9119,2.9128,2.7256,10.2011,0.8085,5,1.0473,ViT-B-16-quickgelu,NVIDIA GeForce RTX 4080 SUPER,923c7eb20a,0445fa3
zero_shot_single,imagenet_r,200,16,42,,,,2000,75.15,4.6665,-4.659,17.8736,-2.2613,878,,ViT-B-16-quickgelu,NVIDIA GeForce RTX 4080 SUPER,bad0ecbb4a,0445fa3
tpt,imagenet_r,200,16,42,0,,,2000,78.25,5.1574,3.047,18.3906,-2.2613,878,,ViT-B-16-quickgelu,NVIDIA GeForce RTX 4080 SUPER,67b0bc4af0,0445fa3
tpt_sals,imagenet_r,200,16,42,0,,,2000,78.25,4.1697,2.006,17.8736,-2.2613,878,,ViT-B-16-quickgelu,NVIDIA GeForce RTX 4080 SUPER,613e0bb410,0445fa3
zero_shot_single,sketch_200,200,16,42,,,,2000,79.6,2.7943,-2.4349,18.8601,-1.9142,624,,ViT-B-16-quickgelu,NVIDIA GeForce RTX 4080 SUPER,cb499fc39a,0445fa3
tpt,sketch_200,200,16,42,0,,,2000,81.5,5.1393,3.9487,19.2171,-1.9142,624,,ViT-B-16-quickgelu,NVIDIA GeForce RTX 4080 SUPER,9620e06ebb,0445fa3
tpt_sals,sketch_200,200,16,42,0,,,2000,81.5,4.6787,3.8202,18.8601,-1.9142,624,,ViT-B-16-quickgelu,NVIDIA GeForce RTX 4080 SUPER,f440814cad,0445fa3
zero_shot_single,sketch_1000,1000,16,42,,,,2000,45.45,5.381,5.381,21.0623,4.614,8588,,ViT-B-16-quickgelu,NVIDIA GeForce RTX 4080 SUPER,8bb39b7d5e,0445fa3
tpt,sketch_1000,1000,16,42,0,,,2000,47.9,16.2086,16.1301,21.4058,4.614,8588,,ViT-B-16-quickgelu,NVIDIA GeForce RTX 4080 SUPER,ffb264ea43,0445fa3
tpt_sals,sketch_1000,1000,16,42,0,,,2000,47.9,15.627,15.627,21.0623,4.614,8588,,ViT-B-16-quickgelu,NVIDIA GeForce RTX 4080 SUPER,93c0db0607,0445fa3
zero_shot_single,imagenet_v2,1000,4,42,,,,2000,61.4,2.5426,0.3722,23.2527,1.3915,1580,,ViT-B-16-quickgelu,NVIDIA GeForce RTX 4080 SUPER,976db8ad95,0445fa3
tpt,imagenet_v2,1000,4,42,0,,,2000,63.35,11.708,11.2601,23.9025,1.3915,1580,,ViT-B-16-quickgelu,NVIDIA GeForce RTX 4080 SUPER,e3cc9322b9,0445fa3
tpt_sals,imagenet_v2,1000,4,42,0,,,2000,63.35,10.5188,10.1835,23.2527,1.3915,1580,,ViT-B-16-quickgelu,NVIDIA GeForce RTX 4080 SUPER,7fa07c130a,0445fa3
zero_shot_single,imagenet_a,101,16,42,,,,2000,52.9,6.9668,6.9587,16.6884,6.5761,712,,ViT-B-16-quickgelu,NVIDIA GeForce RTX 4080 SUPER,44d781def5,0445fa3
tpt,imagenet_a,101,16,42,0,,,2000,60.9,12.2796,12.1442,17.1513,6.5761,712,,ViT-B-16-quickgelu,NVIDIA GeForce RTX 4080 SUPER,2894e35699,0445fa3
tpt_sals,imagenet_a,101,16,42,0,,,2000,60.9,11.4488,11.1488,16.6884,6.5761,712,,ViT-B-16-quickgelu,NVIDIA GeForce RTX 4080 SUPER,a837cf1eb9,0445fa3
zero_shot_single,pacs_photo,7,16,42,,,,1488,99.9328,1.1046,-1.1046,11.1012,-1.0881,0,,ViT-B-16-quickgelu,NVIDIA GeForce RTX 4080 SUPER,275ec7d833,0445fa3
tpt,pacs_photo,7,16,42,0,,,1488,99.9328,0.7443,-0.7443,10.739,-1.0881,0,,ViT-B-16-quickgelu,NVIDIA GeForce RTX 4080 SUPER,0c02c2560b,0445fa3
tpt_sals,pacs_photo,7,16,42,0,,,1488,99.9328,0.3474,-0.3474,11.1012,-1.0881,0,,ViT-B-16-quickgelu,NVIDIA GeForce RTX 4080 SUPER,bf61f736d9,0445fa3
zero_shot_single,pacs_art,7,16,42,,,,1866,97.1061,2.9758,-2.5156,10.3583,-5.2153,1,,ViT-B-16-quickgelu,NVIDIA GeForce RTX 4080 SUPER,467495184d,0445fa3
tpt,pacs_art,7,16,42,0,,,1866,97.7492,0.8903,-0.7778,10.2913,-5.2153,1,,ViT-B-16-quickgelu,NVIDIA GeForce RTX 4080 SUPER,fa2f0ae4c9,0445fa3
tpt_sals,pacs_art,7,16,42,0,,,1866,97.7492,0.7953,-0.6512,10.3583,-5.2153,1,,ViT-B-16-quickgelu,NVIDIA GeForce RTX 4080 SUPER,f09f3a4ff9,0445fa3
zero_shot_single,pacs_cartoon,7,16,42,,,,2000,99.05,2.7576,-2.7046,10.3081,-1.9771,0,,ViT-B-16-quickgelu,NVIDIA GeForce RTX 4080 SUPER,86fb0268c9,0445fa3
tpt,pacs_cartoon,7,16,42,0,,,2000,99.1,1.1747,-1.0789,10.3705,-1.9771,0,,ViT-B-16-quickgelu,NVIDIA GeForce RTX 4080 SUPER,cb43f66938,0445fa3
tpt_sals,pacs_cartoon,7,16,42,0,,,2000,99.1,1.1123,-0.992,10.3081,-1.9771,0,,ViT-B-16-quickgelu,NVIDIA GeForce RTX 4080 SUPER,02acc9c388,0445fa3
zero_shot_single,pacs_sketch,7,16,42,,,,2000,88.15,4.0798,3.8501,9.7088,0.0257,9,,ViT-B-16-quickgelu,NVIDIA GeForce RTX 4080 SUPER,0624594f6a,0445fa3
tpt,pacs_sketch,7,16,42,0,,,2000,89.6,6.4228,6.1296,10.1272,0.0257,9,,ViT-B-16-quickgelu,NVIDIA GeForce RTX 4080 SUPER,f183dc54bb,0445fa3
tpt_sals,pacs_sketch,7,16,42,0,,,2000,89.6,6.0008,5.624,9.7088,0.0257,9,,ViT-B-16-quickgelu,NVIDIA GeForce RTX 4080 SUPER,857bde24b3,0445fa3
zero_shot_single,imagenet_r,200,16,42,,,,500,74.8,6.4065,-4.2493,17.8316,-2.2613,878,,ViT-B-16-quickgelu,NVIDIA GeForce RTX 4080 SUPER,bad0ecbb4a,0445fa3
tpt,imagenet_r,200,16,42,0,,,500,77.6,6.8931,4.1534,18.4732,-2.2613,878,,ViT-B-16-quickgelu,NVIDIA GeForce RTX 4080 SUPER,67b0bc4af0,0445fa3
tpt_sals,imagenet_r,200,16,42,0,,,500,77.6,5.4321,2.9439,17.8316,-2.2613,878,,ViT-B-16-quickgelu,NVIDIA GeForce RTX 4080 SUPER,613e0bb410,0445fa3
tpt,imagenet_r,200,16,42,1,,,500,77.4,5.9102,4.5884,18.4556,-2.2613,878,,ViT-B-16-quickgelu,NVIDIA GeForce RTX 4080 SUPER,dc10cf0b06,0445fa3
tpt_sals,imagenet_r,200,16,42,1,,,500,77.4,4.8006,3.4603,17.8316,-2.2613,878,,ViT-B-16-quickgelu,NVIDIA GeForce RTX 4080 SUPER,e3ed0aa5a0,0445fa3
zero_shot_single,sketch_200,200,16,42,,,,500,78.0,5.7487,-2.1995,18.6289,-1.9142,624,,ViT-B-16-quickgelu,NVIDIA GeForce RTX 4080 SUPER,cb499fc39a,0445fa3
tpt,sketch_200,200,16,42,0,,,500,79.4,5.5595,4.4467,18.9405,-1.9142,624,,ViT-B-16-quickgelu,NVIDIA GeForce RTX 4080 SUPER,9620e06ebb,0445fa3
tpt_sals,sketch_200,200,16,42,0,,,500,79.4,4.9402,4.4502,18.6289,-1.9142,624,,ViT-B-16-quickgelu,NVIDIA GeForce RTX 4080 SUPER,f440814cad,0445fa3
tpt,sketch_200,200,16,42,1,,,500,80.0,6.194,4.1286,18.985,-1.9142,624,,ViT-B-16-quickgelu,NVIDIA GeForce RTX 4080 SUPER,dd832d085f,0445fa3
tpt_sals,sketch_200,200,16,42,1,,,500,80.0,7.3834,4.128,18.6289,-1.9142,624,,ViT-B-16-quickgelu,NVIDIA GeForce RTX 4080 SUPER,e86c1d1848,0445fa3
zero_shot_single,sketch_1000,1000,16,42,,,,500,44.4,6.9668,4.1074,20.7474,4.614,8588,,ViT-B-16-quickgelu,NVIDIA GeForce RTX 4080 SUPER,8bb39b7d5e,0445fa3
tpt,sketch_1000,1000,16,42,0,,,500,43.4,19.0348,18.5071,21.0743,4.614,8588,,ViT-B-16-quickgelu,NVIDIA GeForce RTX 4080 SUPER,ffb264ea43,0445fa3
tpt_sals,sketch_1000,1000,16,42,0,,,500,43.4,18.5876,17.9842,20.7474,4.614,8588,,ViT-B-16-quickgelu,NVIDIA GeForce RTX 4080 SUPER,93c0db0607,0445fa3
tpt,sketch_1000,1000,16,42,1,,,500,44.0,18.5337,17.9861,21.0975,4.614,8588,,ViT-B-16-quickgelu,NVIDIA GeForce RTX 4080 SUPER,a2797a5fef,0445fa3
tpt_sals,sketch_1000,1000,16,42,1,,,500,44.0,17.8877,17.3417,20.7474,4.614,8588,,ViT-B-16-quickgelu,NVIDIA GeForce RTX 4080 SUPER,a5e2f803a7,0445fa3
zero_shot_single,imagenet_v2,1000,4,42,,,,500,63.2,3.1495,-1.353,23.2589,1.3915,1580,,ViT-B-16-quickgelu,NVIDIA GeForce RTX 4080 SUPER,976db8ad95,0445fa3
tpt,imagenet_v2,1000,4,42,0,,,500,65.0,10.6692,9.8346,24.0271,1.3915,1580,,ViT-B-16-quickgelu,NVIDIA GeForce RTX 4080 SUPER,e3cc9322b9,0445fa3
tpt_sals,imagenet_v2,1000,4,42,0,,,500,65.0,9.6079,8.3804,23.2589,1.3915,1580,,ViT-B-16-quickgelu,NVIDIA GeForce RTX 4080 SUPER,7fa07c130a,0445fa3
tpt,imagenet_v2,1000,4,42,1,,,500,66.8,10.3313,7.3389,23.9293,1.3915,1580,,ViT-B-16-quickgelu,NVIDIA GeForce RTX 4080 SUPER,dad4552267,0445fa3
tpt_sals,imagenet_v2,1000,4,42,1,,,500,66.8,7.5963,6.2848,23.2589,1.3915,1580,,ViT-B-16-quickgelu,NVIDIA GeForce RTX 4080 SUPER,28c15d6550,0445fa3
zero_shot_single,imagenet_a,101,16,42,,,,500,53.0,6.7948,6.002,16.5972,6.5761,712,,ViT-B-16-quickgelu,NVIDIA GeForce RTX 4080 SUPER,44d781def5,0445fa3
tpt,imagenet_a,101,16,42,0,,,500,61.2,11.0751,10.8955,17.034,6.5761,712,,ViT-B-16-quickgelu,NVIDIA GeForce RTX 4080 SUPER,2894e35699,0445fa3
tpt_sals,imagenet_a,101,16,42,0,,,500,61.2,10.5809,9.9341,16.5972,6.5761,712,,ViT-B-16-quickgelu,NVIDIA GeForce RTX 4080 SUPER,a837cf1eb9,0445fa3
tpt,imagenet_a,101,16,42,1,,,500,62.0,10.6878,10.0242,17.0437,6.5761,712,,ViT-B-16-quickgelu,NVIDIA GeForce RTX 4080 SUPER,4676a2754a,0445fa3
tpt_sals,imagenet_a,101,16,42,1,,,500,62.0,9.0892,9.0892,16.5972,6.5761,712,,ViT-B-16-quickgelu,NVIDIA GeForce RTX 4080 SUPER,68fb039b49,0445fa3
zero_shot_single,pacs_photo,7,16,42,,,,500,100.0,1.1325,-1.1325,10.99,-1.0881,0,,ViT-B-16-quickgelu,NVIDIA GeForce RTX 4080 SUPER,275ec7d833,0445fa3
tpt,pacs_photo,7,16,42,0,,,500,100.0,0.7257,-0.7257,10.6424,-1.0881,0,,ViT-B-16-quickgelu,NVIDIA GeForce RTX 4080 SUPER,0c02c2560b,0445fa3
tpt_sals,pacs_photo,7,16,42,0,,,500,100.0,0.3618,-0.3618,10.99,-1.0881,0,,ViT-B-16-quickgelu,NVIDIA GeForce RTX 4080 SUPER,bf61f736d9,0445fa3
tpt,pacs_photo,7,16,42,1,,,500,100.0,0.7248,-0.7248,10.5883,-1.0881,0,,ViT-B-16-quickgelu,NVIDIA GeForce RTX 4080 SUPER,e3e887f23a,0445fa3
tpt_sals,pacs_photo,7,16,42,1,,,500,100.0,0.3508,-0.3508,10.99,-1.0881,0,,ViT-B-16-quickgelu,NVIDIA GeForce RTX 4080 SUPER,a05b99f3b5,0445fa3
zero_shot_single,pacs_art,7,16,42,,,,500,96.8,3.5685,-2.4226,10.4907,-5.2153,1,,ViT-B-16-quickgelu,NVIDIA GeForce RTX 4080 SUPER,467495184d,0445fa3
tpt,pacs_art,7,16,42,0,,,500,97.8,1.8243,-0.9347,10.3683,-5.2153,1,,ViT-B-16-quickgelu,NVIDIA GeForce RTX 4080 SUPER,fa2f0ae4c9,0445fa3
tpt_sals,pacs_art,7,16,42,0,,,500,97.8,1.5285,-0.7327,10.4907,-5.2153,1,,ViT-B-16-quickgelu,NVIDIA GeForce RTX 4080 SUPER,f09f3a4ff9,0445fa3
tpt,pacs_art,7,16,42,1,,,500,97.8,1.0708,-0.679,10.3957,-5.2153,1,,ViT-B-16-quickgelu,NVIDIA GeForce RTX 4080 SUPER,0b1ae8f9d7,0445fa3
tpt_sals,pacs_art,7,16,42,1,,,500,97.8,1.1886,-0.6529,10.4907,-5.2153,1,,ViT-B-16-quickgelu,NVIDIA GeForce RTX 4080 SUPER,8fadc21956,0445fa3
zero_shot_single,pacs_cartoon,7,16,42,,,,500,99.0,2.7313,-2.4888,10.349,-1.9771,0,,ViT-B-16-quickgelu,NVIDIA GeForce RTX 4080 SUPER,86fb0268c9,0445fa3
tpt,pacs_cartoon,7,16,42,0,,,500,98.8,1.0735,-0.8498,10.4357,-1.9771,0,,ViT-B-16-quickgelu,NVIDIA GeForce RTX 4080 SUPER,cb43f66938,0445fa3
tpt_sals,pacs_cartoon,7,16,42,0,,,500,98.8,1.0887,-0.7452,10.349,-1.9771,0,,ViT-B-16-quickgelu,NVIDIA GeForce RTX 4080 SUPER,02acc9c388,0445fa3
tpt,pacs_cartoon,7,16,42,1,,,500,99.0,1.1261,-1.1261,10.4152,-1.9771,0,,ViT-B-16-quickgelu,NVIDIA GeForce RTX 4080 SUPER,c61d2760df,0445fa3
tpt_sals,pacs_cartoon,7,16,42,1,,,500,99.0,1.0457,-0.9806,10.349,-1.9771,0,,ViT-B-16-quickgelu,NVIDIA GeForce RTX 4080 SUPER,5c0acc91e1,0445fa3
zero_shot_single,pacs_sketch,7,16,42,,,,500,87.2,5.1481,4.9767,9.7728,0.0257,9,,ViT-B-16-quickgelu,NVIDIA GeForce RTX 4080 SUPER,0624594f6a,0445fa3
tpt,pacs_sketch,7,16,42,0,,,500,89.8,6.5999,6.2474,10.1705,0.0257,9,,ViT-B-16-quickgelu,NVIDIA GeForce RTX 4080 SUPER,f183dc54bb,0445fa3
tpt_sals,pacs_sketch,7,16,42,0,,,500,89.8,5.6771,5.6771,9.7728,0.0257,9,,ViT-B-16-quickgelu,NVIDIA GeForce RTX 4080 SUPER,857bde24b3,0445fa3
tpt,pacs_sketch,7,16,42,1,,,500,89.6,6.7647,6.479,10.1826,0.0257,9,,ViT-B-16-quickgelu,NVIDIA GeForce RTX 4080 SUPER,d6f335fe68,0445fa3
tpt_sals,pacs_sketch,7,16,42,1,,,500,89.6,6.4287,5.8916,9.7728,0.0257,9,,ViT-B-16-quickgelu,NVIDIA GeForce RTX 4080 SUPER,d0b2a7bb84,0445fa3
